text,true_label,predicted_label,confidence,requires_human_review,triage_note,optional_qwen_explanation
"Each party hereto shall do and perform, or cause to be done and performed, all such further acts and things, and shall execute and deliver all such other agreements, certificates, instruments and documents, as the other party may reasonably request in order to carry out the intent and accomplish the purposes of this Agreement and the consummation of the transactions contemplated hereby.",Further Assurances,Further Assurances,0.7603899272668535,False,This output is for clause triage and research purposes only.,
"There is no pending or threatened notice, claim, litigation, proceeding or investigation against or affecting the Borrowers or any property of the Borrowers, whether or not covered by insurance, that would involve the payment by a Borrower of an amount that would be reasonably likely to have a material adverse effect on the financial condition, business, prospects, property or operations of a Borrower, and there is no basis for any such order, notice, claim, litigation, proceeding or investigation.",Litigations,Litigations,0.7245541937942187,False,This output is for clause triage and research purposes only.,
"The term of this Agreement shall commence on January 1, 2019, and shall continue until December 31, 2021. This Agreement is binding, however, only during the periods, which the Track is authorized to operate “permitted activities” as, defined in the Race Track Video Lottery Act of 1994.",Terms,Terms,0.6981550416369545,False,This output is for clause triage and research purposes only.,
"The Executive acknowledges that, by reason of being employed by the Company at the relevant times, to the extent permitted by law, all of the Work Product consisting of copyrightable subject matter is “ work made for hire ” as defined in 17 U.S.C. § 101 and such copyrights are therefore owned by the Company. To the extent that the foregoing does not apply, the Executive hereby irrevocably assigns to the Company, for no additional consideration, the Executive’s entire right, title, and interest in and to all Work Product and Intellectual Property Rights therein, including the right to sue, counterclaim, and recover for all past, present, and future infringement, misappropriation, or dilution thereof, and all rights corresponding thereto throughout the world. Nothing contained in this Agreement shall be construed to reduce or limit the Company’s rights, title, or interest in any Work Product or Intellectual Property Rights so as to be less in any respect than that the Company would have had in the absence of this Agreement.",Assignments,Assignments,0.6482948068964265,False,This output is for clause triage and research purposes only.,
"Pledgor will, from time to time, timely pay and discharge (or cause to be paid or discharged) all taxes, assessments and other governmental charges imposed upon the Collateral or any part thereof or upon the income or profits therefrom, and also all taxes, assessments and other governmental charges imposed upon the lien or interest of Lender under this Agreement or in respect of the Collateral.",Taxes,Taxes,0.6947917424276604,False,This output is for clause triage and research purposes only.,
"Except as set forth on Schedule 3.6 as of the Closing Date, and except as hereafter disclosed to Lender in writing (including disclosures pursuant to Section 4.9 or otherwise, it being understood that any such disclosures shall not act as a consent or waiver of any Default or Event of Default arising under Section 4.9, Section 10.1(h) or any other provision of this Agreement), there is no Litigation pending against, or to such Credit Party’s knowledge threatened against or affecting, any Credit Party or, to such Credit Party’s knowledge, any party to any Operative Document other than a Credit Party. Other than as disclosed on Schedule 3.6, there is no Litigation pending in which an adverse decision could reasonably be expected to have a Material Adverse Effect or which in any manner draws into question the validity of any of the Operative Documents.",Litigations,Litigations,0.6636837909897146,False,This output is for clause triage and research purposes only.,
"This Warrant shall be governed by and construed in accordance with the laws of the State of Nevada without regard to principles of conflicts of laws. Any action brought by either party against the other concerning the transactions contemplated by this Warrant shall be brought only in the state courts of Massachusetts or in the federal courts located in the Commonwealth of Massachusetts. The parties to this Warrant hereby irrevocably waive any objection to jurisdiction and venue of any action instituted hereunder and shall not assert any defense based on lack of jurisdiction or venue or based upon forum non conveniens . THE BORROWER HEREBY IRREVOCABLY WAIVES ANY RIGHT IT MAY HAVE TO, AND AGREES NOT TO REQUEST, A JURY TRIAL FOR THE ADJUDICATION OF ANY DISPUTE HEREUNDER OR IN CONNECTION WITH OR ARISING OUT OF THIS WARRANT OR ANY TRANSACTION CONTEMPLATED HEREBY . The prevailing party shall be entitled to recover from the other party its reasonable attorney’s fees and costs. In the event that any provision of this Warrant or any other agreement delivered in connection herewith is invalid or unenforceable under any applicable statute or rule of law, then such provision shall be deemed inoperative to the extent that it may conflict therewith and shall be deemed modified to conform with such statute or rule of law. Any such provision which may prove invalid or unenforceable under any law shall not affect the validity or enforceability of any other provision of any agreement. Each party hereby irrevocably waives personal service of process and consents to process being served in any suit, action or proceeding in connection with this Agreement or any other Transaction Document by mailing a copy thereof via registered or certified mail or overnight delivery (with evidence of delivery) to such party at the address in effect for notices to it under this Agreement and agrees that such service shall constitute good and sufficient service of process and notice thereof. Nothing contained herein shall be deemed to limit in any way any right to serve process in any other manner permitted by law.",Governing Laws,Governing Laws,0.6760196361436237,False,This output is for clause triage and research purposes only.,
"This Assignment constitutes the entire and final agreement amongst the parties with respect to the subject matter hereof and may not be changed, terminated or otherwise varied, except by a writing duly executed by the parties.",Entire Agreements,Entire Agreements,0.6798746868608383,False,This output is for clause triage and research purposes only.,
"The term of this Sublease (""Term"") shall commence on the earlier of (the “Commencement Date”): (i) Sublessee’s commencement of its business operations in any portion of the Premises, and (ii) the one hundred fiftieth (150 th ) day after the date on which the Early Access Period (as defined below) has commenced, and shall end on October 15, 2028 (""Expiration Date""), unless this Sublease is sooner terminated pursuant to its terms or the Master Lease is sooner terminated pursuant to its terms; provided, however, that the Commencement Date shall be (i) advanced by one (1) day for each day that the commencement of the Early Access Period is delayed by any act or omission of Sublessee, and (ii) extended by one (1) day for each day that the “Substantial Completion of the Tenant Improvements” (defined below) has been delayed by a “Landlord Caused Delay” (defined below), but only if and to the extent any such Landlord Caused Delay is responsible for causing the Substantial Completion of the Tenant Improvements to be delayed beyond the one hundred fiftieth (150 th ) day after the date on which the Early Access Period has commenced. Once the Commencement Date has been established, Sublessor and Sublessee shall execute a commencement date memorandum setting forth the Commencement Date; provided, however, that the failure to execute such a memorandum shall not affect Sublessee’s liability hereunder. The parties acknowledge that Sublessee has no option to extend the Term of this Sublease.",Terms,Terms,0.5641868816050807,False,This output is for clause triage and research purposes only.,
"This Amendment may be executed by the parties hereto individually or in combination, in one or more counterparts, each of which shall be an original and all of which shall constitute one and the same agreement. Delivery of an executed counterpart of a signature page by telecopier or electronic mail (in a .pdf format) shall be effective as delivery of a manually executed counterpart.",Counterparts,Counterparts,0.7184553251995363,False,This output is for clause triage and research purposes only.,
"This Joinder Agreement may be executed in multiple counterparts, each of which shall constitute an original but all of which when taken together shall constitute one and the same instrument. Section 10.13 of the Loan Agreement (the joint borrower provisions) is by this reference hereby incorporated herein in its entirety.",Counterparts,Counterparts,0.6598921474882985,False,This output is for clause triage and research purposes only.,
"This Amendment may be executed in any number of counterparts, each of which when so executed and delivered shall be deemed to be an original, and all of which taken together shall constitute but one and the same instrument. The transmission or receipt of a facsimile or similar communication being a reproduction of a party’s signature or initial shall produce the same legal result as the transmission or receipt of an original signature or initial.",Counterparts,Counterparts,0.6514162161235622,False,This output is for clause triage and research purposes only.,
"Borrower shall, and shall cause each Credit Party to, keep its business and the Collateral insured for risks and in amounts standard for companies in Borrower’s industry and location and as Agent may reasonably request. Insurance policies shall be in a form, with companies, and in amounts that are satisfactory to Agent. All property policies shall have a lender’s loss payable endorsement showing Agent as primary lender’s loss payee and waive subrogation against Agent, and all liability policies shall show, or have endorsements showing, Agent as an additional insured. No other loss payees may be shown on the policies other than (i) loss payees showing on such policies as of the Closing Date and (ii) as Agent shall otherwise consent in writing. If required by Agent, all policies (or the loss payable and additional insured endorsements) shall provide that the insurer shall endeavor to give Agent at least [***] ( [***] for non-payment of premium) notice before canceling, amending, or declining to renew its policy. At Agent’s request, Borrower shall deliver certified copies of all such Credit Party insurance policies and evidence of all premium payments. If any Credit Party fails to obtain insurance as required under this Section 6.5 or to pay any amount or furnish any required proof of payment to third persons and Agent, Agent may make all or part of such payment or obtain such insurance policies required in this Section 6.5, and take any action under the policies Agent deems prudent.",Insurances,Insurances,0.7295295464435007,False,This output is for clause triage and research purposes only.,
"If any provision of this Agreement is or becomes or is deemed to be invalid, illegal, or unenforceable in any jurisdiction, such provision shall be construed or deemed amended to conform to the applicable law or, if it cannot be construed or deemed amended without, in the determination of the Committee, materially altering the intent of this Agreement, such provision shall be stricken as to such jurisdiction, and the remainder of this Agreement shall remain in full force and effect.",Severability,Severability,0.6891501771358346,False,This output is for clause triage and research purposes only.,
"To request the issuance of a Letter of Credit or the amendment, renewal or extension of an outstanding Letter of Credit, a Borrower shall hand deliver or telecopy (or transmit by electronic communication, if arrangements for doing so have been approved by the applicable Issuing Bank) an LC Request to the applicable Issuing Bank and the Administrative Agent not later than the Applicable Time specified by the Administrative Agent on the third Business Day preceding the requested date of issuance, amendment, renewal or extension (or such later date and time as is reasonably acceptable to the applicable Issuing Bank). A request for an initial issuance of a Letter of Credit shall specify in form and detail reasonably satisfactory to the applicable Issuing Bank: (i) the proposed issuance date of the requested Letter of Credit (which shall be a Business Day); (ii) the amount and currency thereof; (iii) the expiry date thereof; (iv) the name and address of the beneficiary thereof; (v) the documents to be presented by such beneficiary in case of any drawing thereunder; (vi) the full text of any certificate to be presented by such beneficiary in case of any drawing thereunder; and (vii) such other matters as the applicable Issuing Bank may reasonably require and shall attach the agreed form of the Letter of Credit. A request for an amendment, renewal or extension of any outstanding Letter of Credit shall specify in form and detail reasonably satisfactory to the applicable Issuing Bank, (w) the Letter of Credit to be amended, renewed or extended; (x) the proposed date of amendment, renewal or extension thereof (which shall be a Business Day), (y) the nature of the proposed amendment, renewal or extension; and (z) such other matters as the applicable Issuing Bank may reasonably require. If requested by the applicable Issuing Bank, the applicable Borrower also shall submit a letter of credit application substantially on such Issuing Bank’s standard form in connection with any request for a Letter of Credit. A Letter of Credit shall be issued, amended, renewed or extended only if (and upon issuance, amendment, renewal or extension of each Letter of Credit, the applicable Borrower shall be deemed to represent and warrant (solely in the case of (w) and (x)) that, after giving effect to such issuance, amendment, renewal or extension) (A) the LC Exposure shall not exceed $150,000,000 (the “ LC Sublimit ”), (B) the European LC Exposure shall not exceed $40,000,000 (the “ European LC Sublimit ”), (C) the Availability Conditions are satisfied, (D) the European LC Exposure attributable to European Letters of Credit issued by any European Issuing Bank shall not exceed the Dollar Equivalent of such European Issuing Bank’s European Issuing Bank Sublimit, (E) the U.S. LC Exposure attributable to U.S. Letters of Credit issued by any U.S. Issuing Bank shall not exceed the Dollar Equivalent of such U.S. Issuing Bank’s U.S. Issuing Bank Sublimit and (F) if a Defaulting Lender exists, either such Lender or the Lead Borrower has entered into arrangements satisfactory to the Administrative Agent and the applicable Issuing Bank to eliminate any Fronting Exposure associated with such Lender.",Amendments,Amendments,0.6246422684397137,False,This output is for clause triage and research purposes only.,
The waiver by any of the parties hereto of a breach of any provision of this Agreement shall not be construed as a waiver of any subsequent breach. The failure of a party to insist upon strict adherence to any provision of this Agreement on one or more occasions shall not be considered a waiver or deprive that party of the right thereafter to insist upon strict adherence to that provision or any other provision of this Agreement. Any waiver must be in writing.,Waivers,Waivers,0.6773767462682095,False,This output is for clause triage and research purposes only.,
Any notice required or permitted hereunder shall be given in writing and shall be deemed effectively given upon delivery to the Employee at her/his address then on file with the Company.,Notices,Notices,0.7139604154427122,False,This output is for clause triage and research purposes only.,
"The validity, interpretation, construction and performance of this Agreement will be governed by and construed in accordance with the laws of the State of Maryland, without giving effect to the principles of conflict of laws.",Governing Laws,Governing Laws,0.7885094834373522,False,This output is for clause triage and research purposes only.,
"Employee agrees to make no disclosure or use of any proprietary or confidential information, including without limitation, data, developments, customer information, or trade secrets belonging to the Company or learned or acquired by Employee and will take all action necessary to preserve that confidentiality. Employee shall continue to comply with any confidentiality agreements, provisions, and policies by which Employee has previously agreed to abide. For purposes of emphasis and as a reminder, portions of this Agreement set forth obligations already imposed on Employee by agreement(s) of confidentiality, whether by acceptance of the Company policy(s) or provision(s) on confidentiality in writing, by electronic affirmation of such policy(s) or provision(s), or by the fact of Employee’s employment with the Company constituting an acceptance of the confidentiality requirements in policy(s) or provision(s) applicable to employees generally including, but not limited to, obligations related to nondisclosure. This Agreement does not supersede any such confidentiality agreement(s), policy(s) or provision(s), but instead supplements the terms of all such confidentiality agreement(s), policy(s) and provision(s).",Confidentiality,Confidentiality,0.6541727632670812,False,This output is for clause triage and research purposes only.,
"Subject to the other terms of this Agreement, the Parties agree to execute and deliver such other instruments and perform such acts, in addition to the matters in this Agreement specified, as may be reasonably appropriate or necessary from time to time, to effectuate the intent of this Agreement.",Further Assurances,Further Assurances,0.7159675084493559,False,This output is for clause triage and research purposes only.,
